component_id,batch_id,prop__aktivnyi_azot_kislorod_pct_mass_n_ili_o,prop__anilinovaya_tochka,prop__atomnoe_otnoshenie_p_zn,prop__coc_c,prop__deaeratsiya_astm_d3427_min,prop__deem_emulsiya_astm_d1401_ml,prop__deem_maslo_astm_d1401_ml,prop__deem_voda_astm_d1401_ml,prop__deem_vremya_astm_d1401_min,prop__dinamicheskaya_vyazkost_ccs_15_c_astm_d5293_mpa_s,prop__dinamicheskaya_vyazkost_ccs_20_c_astm_d5293_mpa_s,prop__dinamicheskaya_vyazkost_ccs_25_c_astm_d5293_mpa_s,prop__dinamicheskaya_vyazkost_ccs_30_c_astm_d5293_mpa_s,prop__dinamicheskaya_vyazkost_ccs_35_c_astm_d5293_mpa_s,prop__dipolnyi_moment_d,prop__dlina_uglerodnoi_tsepi,prop__energiya_dissotsiatsii_svyazi_h_n_kkal_mol,prop__energiya_nsmo_ev,prop__energiya_vzmo_ev,prop__gruppa_po_api,prop__himicheskii_potentsial_dzh_mol,prop__indeks_polidispersnosti,prop__indeks_stabilnosti_pct,prop__indeks_vyazkosti_gost_25371,prop__indeks_vyazkosti_gost_25371_2,prop__isparyaemost_po_noack_astm_d5800_pct,prop__isparyaemost_po_noack_astm_d5800_pct_mass,prop__kinematicheskaya_vyazkost,prop__kinematicheskaya_vyazkost_pri_100_c_astm_d445_mm2_s,prop__kinematicheskaya_vyazkost_pri_300s_astm_d445_mm2_s,prop__kinematicheskaya_vyazkost_pri_40_c_astm_d445_mm2_s,prop__kislotnoe_chislo_gost_11362_mg_koh_g,prop__massa_gidrofobnogo_hvosta_g_mol,prop__massovaya_dolya_fosfora_astm_d6481_pct_mass,prop__massovaya_dolya_fosfora_astm_d6481_pct_mass_2,prop__massovaya_dolya_kaltsiya_astm_d6481_pct_mass,prop__massovaya_dolya_kaltsiya_astm_d6481_pct_mass_2,prop__massovaya_dolya_sery_astm_d6481_pct_mass,prop__massovaya_dolya_sery_astm_d6481_pct_mass_2,prop__massovaya_dolya_sulfatnoi_zoly_gost_12417_pct,prop__massovaya_dolya_tsinka_astm_d6481_pct_mass,prop__massovaya_dolya_tsinka_astm_d6481_pct_mass_2,prop__obschee_soderzhanie_azota_astm_d3228_pct,prop__opredelenie_soderzhaniya_vody_metodom_karla_fishera_astm_d_6304_ppm,prop__otnoshenie_mylo_osnovanie,prop__otnoshenie_s_mo,prop__pct_mass_mo,prop__plotnost_pri_15_s_astm_d4052_g_sm3,prop__plotnost_pri_15_s_astm_d4052_kg_m3,prop__plotnost_pri_20_s_astm_d4052_kg_m3,prop__posledovatelnost_1_astm_d892_sm3,prop__posledovatelnost_2_astm_d892_sm3,prop__posledovatelnost_3_astm_d892_sm3,prop__potentsial_ionizatsii_ev,prop__razmer_mitsell_nm,prop__schelochnoe_chislo_astm_d2896_mg_koh_g,prop__schelochnoe_chislo_gost_11362_mg_koh_g,prop__soderzhanie_azota,prop__soderzhanie_bora,prop__soderzhanie_masla,prop__soderzhanie_masla_pct_mass,prop__soderzhanie_metalla_ca_mg_pct_mass,prop__soderzhanie_mgco3_caco3_pct_mass,prop__soderzhanie_myla_pct_mass,prop__soderzhanie_polimera,prop__soderzhanie_sery_mg_kg,prop__soderzhanie_sery_pct_mass,prop__soderzhanie_vody_pct_mass,prop__sootnoshenie_monomerov_eo_po,prop__srednevesovaya_massa,prop__stepen_polisulfidnosti,prop__stericheskii_faktor_a3,prop__temperatura_plavleniya_c,prop__temperatura_provedeniya_testa_c,prop__temperatura_zastyvaniya_gost_20287_metod_b_c,prop__tsvet_astm_d1500_ed,prop__tsvet_seibolt_ed
Антиоксидант_1,01028.23,,,,,,,,,,,,,,,,,,,,,,,,,,,,,6.8,,,,,,,,,,,,,,,,,,,,,,,,,,,0.0,0.0,,,,,,,,,,,,,,,,,,,,
Антиоксидант_1,02717.22,,,,,,,,,,,,,,,,,,,,,,,,,,,,,6.65,,,,,,,,,,,,,,,,,,,,,,,,,,,,,,,,,,,,,,,,,,,,,,,,
Антиоксидант_10,4793.19,,,,,,,,,,,,,,,,,,,,,,,,,,,,,21.67,,,,,,0.432,,0.253,,,8.64,,0.0278,,,,,,,,,,,,,,8.53,5.26,,,,,,,,,,,,,,,,,,,,
Антиоксидант_12,02670.23,,,,,,,,,,,,,,,,,,,,,,,,,,,,,5.73,,,,,,,,,,,,,,8.666,,,,,,,,,,,,,189.9,,,,,,,,,,,,,,,,,,,,,
Антиоксидант_14,19776.19,,,,,,,,,,,,,,,,,,,,,,,,,,,,,14.06,,,,,,,,,,,,,,,,,,,,,,,,,,,,,,,,,,,,,,,,,,,,,,,,
Антиоксидант_2,01623.24,,,,,,,,,,,,,,,,,,,,,,,,,,,,,14.54,,,,,,,,,,,,,,,,,,,,,,,,,,,138.8,,,,,,,,,,,,,,,,,,,,,
Антиоксидант_3,01029/23,,,,,,,,,,,,,,,,,,,,,,,,,,,,,10.51,,,,,,,,,,,,,,,,,,,,,,,,,,,177.1,,,,,,,,,,,,,,,,,,,,,
Антиоксидант_3,01198.23,,,,,,,,,,,,,,,,,,,,,,,,,,,,,11.04,,,,,,0.0002,,0.0002,,0.0002,,,0.0002,,,,,,,,,,,,,,176.3,,,,,,,,,,,,,,,,,,,,,
Антиоксидант_3,02719.22,,,,,,,,,,,,,,,,,,,,,,,,,,,,,11.7,,,,,,,,,,,,,,,,,,,,,,,,,,,166.7,,,,,,,,,,,,,,,,,,,,,
Антипенная_присадка_3,б/н,,,,,,,,,,,,,,,,,,,,,,,,,,,,,,,,,,,0.0,,0.0,,0.0,,,0.0,,,,,,,,,,,,,,,,,,,,,,,,,,,,,,,,,,,
Базовое_масло_1,01044.23,,,,,,0.0,39.0,41.0,30.0,500.0,777.0,1269.0,2253.0,4187.0,,,,,,,,,,,113.0,14.5,,,4.445,,22.02,,,,0.0031,,0.00092,,0.0078,,,1e-05,,,,,,,,,0.0,0.0,0.0,,,,,,,,,,,,,,,,,,,,,,-22.0,,
Базовое_масло_1,01509.24,,,,,,,,,,517.0,863.0,1407.0,2461.0,4719.0,,,,,,,,,,,110.0,,,,4.5,,22.76,,,,,,,,,,,,,,,,,,843.6,840.2,,,,,,,,,,,,,,,,,,,,,,,,,-28.0,,
Базовое_масло_1,01595.25,,,,,,,,,,,790.0,1338.0,2348.0,4420.0,,,,,,,,,,,,,,,4.48,,22.35,,,,,,,,,,,,,,,,,,,,,,,,,,,,,,,,,,,,,,,,,,,,,,
Базовое_масло_1,01941.23,,,,,,0.0,39.0,41.0,5.0,524.0,818.0,1235.0,2332.0,4335.0,,,,,,,,,,,112.0,13.5,,,4.5,,22.52,,,,0.0055,,0.0042,,0.0049,,,0.0001,,,,,,,,,0.0,0.0,0.0,,,,,,,,,,,,,,,,,,,,,,-25.0,,
Базовое_масло_1,01987.25,,,,,,,,,,507.0,809.0,1338.0,2338.0,,,,,,,,,,,,115.0,,,,4.51,,22.35,,,,,,,,,,,,,,,,,,843.7,840.6,,,,,,,,,,,,,,,,,,,,,,,,,,,
Базовое_масло_1,02228.25,,,,,,,,,,,,,,,,,,,,,,,,,,,,,4.444,,,,,,,,,,,,,,,,,,,,,,,,,,,,,,,,,,,,,,,,,,,,,,,,
Базовое_масло_1,02375.24,,,,,,,,,,491.0,777.0,1321.0,2359.0,,,,,,,,,,,,112.0,,,,4.52,,22.72,,,,,,,,,,,,,,,,,,,,,,,,,,,,,,,,,,,,,,,,,,,,-26.0,,
Базовое_масло_1,0248.24,,,,,,0.0,40.0,40.0,5.0,530.0,829.0,1373.0,2418.0,4530.0,,,,,,,,,,,112.0,14.2,,,4.51,,22.64,,,,0.0001,,0.0002,,0.0009,,,0.0001,,,,,,,,,0.0,0.0,0.0,,,,,,,,,,,,,,,,,,,,,,-24.0,,
Базовое_масло_1,02509.25,,,,,,,,,,477.0,746.0,1233.0,2112.0,,,,,,,,,,,,,,,,4.428,,21.61,,,,,,,,,,,,,,,,,,,,,,,,,,,,,,,,,,,,,,,,,,,,,,
Базовое_масло_1,02593.23,,,,,,,,,,,,,2303.0,,,,,,,,,,,,112.0,,,,4.48,,22.36,,,,,,,,0.0001,,,,,,,,,,,,,,,,,,,,,,,,,,,,,,,,,,,,,,30.0
Базовое_масло_1,03004.23,,,,,,0.0,40.0,40.0,5.0,518.0,800.0,1321.0,2309.0,,,,,,,,,,,,112.0,14.0,,,4.46,,22.26,,,,0.0001,,0.0003,,0.0002,,,0.0001,,,,,,,,,0.0,0.0,50.0,,,,,,,,,,,,,,,,,,,,,,-24.0,,
Базовое_масло_1,0318.25,,,,,,,,,,,784.0,1294.0,2234.0,,,,,,,,,,,,,,,,4.44,,21.8,,,,,,,,,,,,,,,,,,,,,,,,,,,,,,,,,,,,,,,,,,,,,,
Базовое_масло_1,03616.23,,,,,,0.0,41.0,39.0,5.0,527.0,827.0,1350.0,2365.0,,,,,,,,,,,,111.0,15.1,,,4.47,,22.4,,,,0.0001,,0.0002,,0.0006,,,0.0001,,,,,,,,,0.0,0.0,0.0,,,,,,,,,,,,,,,,,,,,,,-24.0,,
Базовое_масло_1,069.23,,,,,,0.0,40.0,40.0,5.0,468.0,777.0,1273.0,2243.0,4211.0,,,,,,,,,,,111.0,14.0,,,4.49,,22.54,,,,0.0001,,0.0001,,0.0001,,,0.0001,,,,,,,,,0.0,0.0,0.0,,,,,,,,,,,,,,,,,,,,,,-23.0,,
Базовое_масло_1,0760.25,,,,,,,,,,,781.0,1258.0,2198.0,4047.0,,,,,,,,,,,113.0,,,,4.43,,21.84,,,,,,,,,,,,,,,,,,843.5,840.3,,,,,,,,,,,,,,,,,,,,,,,,,-23.0,,
Базовое_масло_1,0766.24,,,,,,,,,,535.0,842.0,1398.0,2472.0,,,,,,,,,,,,113.0,13.3,,,4.56,,22.94,,,,2e-05,,0.0002,,7e-05,,,4e-05,,,,,,,,,0.0,0.0,0.0,,,,,,,,,,,,,,,,,,,,,,-26.0,,
Базовое_масло_1,090.25,,,,,,,,,,,784.0,1269.0,2226.0,4106.0,,,,,,,,,,,,,,,4.36,,21.29,,,,,,,,,,,,,,,,,,843.1,839.9,,,,,,,,,,,,,,,,,,,,,,,,,,,
Базовое_масло_10,01667.22,,,,,,0.0,40.0,40.0,5.0,496.0,808.0,1348.0,2348.0,4359.0,,,,,,,,,,,113.0,13.4,,,4.55,,22.88,,,,0.0001,,0.0012,,0.0001,,,0.0001,,,,,,,,,0.0,0.0,0.0,,,,,,,,,,,,,,,,,,,,,,-24.0,,
Базовое_масло_10,01936.22 (CCS 2700),,,,,,0.0,40.0,40.0,5.0,531.0,865.0,1493.0,2674.0,,,,,,,,,,,,112.0,13.4,,,4.66,,23.95,,,,0.0001,,0.0002,,0.0006,,,0.0001,,,,,,,,,0.0,0.0,0.0,,,,,,,,,,,,,,,,,,,,,,-24.0,,
Базовое_масло_10,02597.22,,,,,,0.0,40.0,40.0,5.0,463.0,757.0,1182.0,2063.0,3819.0,,,,,,,,,,,113.0,14.7,,,4.38,,,,,,7e-05,,3e-05,,2e-05,,,5e-05,,,,,,,,,0.0,0.0,0.0,,,,,,,,,,,,,,,,,,,,,,-26.0,,
Базовое_масло_10,0285.21,,,,,,,,,,,,,2579.0,,,,,,,,,,,,,,,,4.54,,,,,,,,,,,,,,,,,,,,,,,,,,,,,,,,,,,,,,,,,,,,,,,,
Базовое_масло_10,0285.22,,,,,,0.0,40.0,40.0,5.0,524.0,849.0,1463.0,2633.0,15217.0,,,,,,,,,,,111.0,14.7,,,4.61,,23.58,,,,9e-05,,3.8e-05,,2e-05,,,1e-05,,,,,,,,,0.0,0.0,0.0,,,,,,,,,,,,,,,,,,,,,,0.0,,
Базовое_масло_10,0771.22,,,,,,0.0,40.0,40.0,5.0,517.0,838.0,1397.0,2488.0,4604.0,,,,,,,,,,,112.0,14.3,,,4.544,,22.979,,,,2e-05,,0.00015,,0.00023,,,2e-05,,,,,,,,,0.0,0.0,0.0,,,,,,,,,,,,,,,,,,,,,,-23.0,,
Базовое_масло_11,0879.23,,,,,,0.0,43.0,37.0,5.0,1184.0,2242.0,4648.0,10120.0,,,,,,,,,,,,100.0,14.1,,,5.38,,32.25,,,,0.0001,,0.0004,,0.024,,,0.0001,,,,,,,,,0.0,0.0,0.0,,,,,,,,,,,,,,,,,,,,,,-17.0,,
Базовое_масло_12,02907.23,,,,,,,,,,,,498.0,766.0,1259.0,,,,,,,,,,,,,,,3.81,,,,,,,,,,,,,,,,,,,,,,,,,,,,,,,,,,,,,,,,,,,,,,-71.0,,
Базовое_масло_13,0934.22,,,,,,0.0,40.0,40.0,5.0,1181.0,2011.0,4345.0,6680.0,,,,,,,,,,,,116.0,4.6,,,6.39,,38.55,,,,0.00016,,0.00071,,0.00082,,,4e-05,,,,,,,,,0.0,0.0,0.0,,,,,,,,,,,,,,,,,,,,,,-16.0,,
Базовое_масло_14,_22.04.2025,,,,,,,,,,13.0,25.0,50.0,100.0,200.0,,,,,,,,,,,,,,,1.02,,2.54,,,,,,,,,,,,,,,,,,,,,,,,,,,,,,,,,,,,,,,,,,,,,,
Базовое_масло_14,Р-10 от 13.05.2024,,,,,,,,,,,4.0,2.0,4.0,,,,,,,,,,,,,,,,1.02,,5.01,,,,,,,,,,,,,,,,,,801.4,798.0,,,,,,,,,,,,,,,,,,,,,,,,,,,
Базовое_масло_14,из ЦП 19.09.23г,,,,,,,,,,13.0,25.0,50.0,100.0,200.0,,,,,,,,,,,,90.0,,,1.0,,2.0,,,,,,,,,,,,,,,,,,,,,,,,,,,,,,,,,,,,,,,,,,,,,,
Базовое_масло_15,02602.23,,,,,,,,,,,,,149.0,286.0,,,,,,,,,,,98.0,,,,2.05,248.0,7.001,,,,,,,,,,,,,,,,,,,,,,,,,,,,,,,,,,,,,,,,,,,,-58.0,,
Базовое_масло_16,02959.22,,,,,,,,,,,,,,,,,,,,,,,,,,,,,1.18,,2.82,,,,,,,,,,,,,,,,,,,,,,,,,,,,,,,,,,,,,,,,,,,,-40.0,,
Базовое_масло_16,067.23,,,,,,,,,,13.0,25.0,50.0,100.0,,,,,,,,,,,,,,,,1.5,,2.69,,,,,,,,,,,,,,,,,,,,,,,,,,,,,,,,,,,,,,,,,,,,,,
Базовое_масло_16,25721.17,,,,,,,,,,13.0,25.0,50.0,99.0,200.0,,,,,,,,,,,,90.0,,,1.17,,2.84,,,,,,,,,,,,,,,,,,,,,,,,,,,,,,,,,,,,,,,,,,,,,,
Базовое_масло_17,без номера,,,,,,,,,,13.0,25.0,50.0,99.0,200.0,,,,,,,,,,,,90.0,,,1.45,,3.88,,,,,,,,,,,,,,,,,,,,,,,,,,,,,,,,,,,,,,,,,,,,-73.0,,
Базовое_масло_2,01009.22,,,,,,,,,,1220.0,2317.0,4827.0,10684.0,,,,,,,,,,,,95.0,14.7,,,5.39,,33.01,,,,4e-05,,3e-05,,0.0236,,,5e-05,,,,,,,,,0.0,0.0,0.0,,,,,,,,,,,,,,,,,,,,,,-18.0,,
Базовое_масло_2,01302.22,,,,,,0.0,40.0,40.0,5.0,1286.0,2351.0,4925.0,10923.0,22000.0,,,,,,,,,,,94.0,15.6,,,5.37,,32.96,,,,3e-05,,3e-05,,0.0289,,,1.2e-05,,,,,,,,,430.0,30.0,460.0,,,,,,,,,,,,,,,,,,,,,,-18.0,,
Базовое_масло_2,01510.24,,,,,,,,,,1165.0,2161.0,4323.0,,,,,,,,,,,,,98.0,,,,5.31,,31.81,,,,,,,,,,,,,,,,,,870.7,867.2,,,,,,,,,,,,,,,,,,,,,,,,,-17.0,,
Базовое_масло_2,01767.22,,,,,,5.0,40.0,35.0,30.0,1150.0,2199.0,4564.0,10045.0,,,,,,,,,,,,96.0,15.3,,,5.31,,32.06,,,,3e-05,,0.00056,,0.02433,,,5e-05,,,,,,,,,0.0,0.0,0.0,,,,,,,,,,,,,,,,,,,,,,-17.0,,
Базовое_масло_2,01940.22,,,,,,0.0,41.0,39.0,5.0,1067.0,2049.0,4252.0,9446.0,,,,,,,,,,,,99.0,15.0,,,5.25,,31.12,,,,3e-05,,0.00014,,0.032,,,5e-05,,,,,,,,,0.0,0.0,0.0,,,,,,,,,,,,,,,,,,,,,,-16.0,,
Базовое_масло_2,01943.23,,,,,,0.0,41.0,39.0,5.0,1250.0,2382.0,4932.0,10861.0,,,,,,,,,,,,97.0,13.7,,,5.45,,33.25,,,,0.0001,,0.0002,,0.021,,,0.0001,,,,,,,,,0.0,0.0,0.0,,,,,,,,,,,,,,,,,,,,,,-16.0,,
Базовое_масло_2,01993.25,,,,,,,,,,1172.0,2254.0,4576.0,9992.0,,,,,,,,,,,,100.0,,,,5.38,,32.16,,,,,,,,,,,,,,,,,,,,,,,,,,,,,,,,,,,,,,,,,,,,-15.0,,
Базовое_масло_2,0204.22,,,,,,0.0,42.0,38.0,30.0,1224.0,2308.0,4797.0,10565.0,,,,,,,,,,,,96.0,12.8,,,5.4,,33.0,,,,0.00054,,0.00089,,0.02478,,,0.00014,,,,,,,,,0.0,0.0,0.0,,,,,,,,,,,,,,,,,,,,,,0.0,,
Базовое_масло_2,02360.23,,,,,,0.0,40.0,40.0,5.0,1169.0,2205.0,4520.0,9777.0,,,,,,,,,,,,98.0,14.0,,,5.36,,32.22,,,,3e-05,,2.1e-05,,0.032,,,4e-05,,,,,,,,,0.0,0.0,0.0,,,,,,,,,,,,,,,,,,,,,,-16.0,,
Базовое_масло_2,02425.24,,,,,,,,,,,,,,,,,,,,,,,,,95.0,,,,5.35,,32.57,,,,,,,,,,,,,,,,,,,,,,,,,,,,,,,,,,,,,,,,,,,,,,
Базовое_масло_2,02596.22,,,,,,0.0,42.0,38.0,5.0,1220.0,2250.0,4642.0,10272.0,21000.0,,,,,,,,,,,96.0,14.0,,,5.37,,32.61,,,,5e-05,,3e-05,,0.028,,,1e-05,,,,,,,,,0.0,0.0,0.0,,,,,,,,,,,,,,,,,,,,,,-18.0,,
Базовое_масло_2,03275.23,,,,,,0.0,41.0,39.0,2.0,1225.0,2273.0,4718.0,10407.0,,,,,,,,,,,,97.0,12.5,,,5.42,,32.97,,,,0.0001,,0.0002,,0.099,,,0.0001,,,,,,,,,0.0,0.0,0.0,,,,,,,,,,,,,,,,,,,,,,-18.0,,
Базовое_масло_2,0407.24,,,,,,0.0,41.0,39.0,5.0,1206.0,2249.0,4651.0,10139.0,,,,,,,,,,,,98.0,13.7,,,5.38,,32.45,,,,,,0.0003,,0.0267,,,,,,,,,,,,0.0,0.0,0.0,,,,,,,,,,,,,,,,,,,,,,-18.0,,
Базовое_масло_2,071.23,,,,,,0.0,40.0,40.0,5.0,1133.0,2137.0,4429.0,9680.0,,,,,,,,,,,,99.0,14.0,,,5.36,,32.12,,,,0.0006,,0.0004,,0.017,,,0.0001,,,,,,,,,0.0,0.0,0.0,,,,,,,,,,,,,,,,,,,,,,-17.0,,
Базовое_масло_2,0769.22,,,,,,0.0,42.0,38.0,10.0,1237.0,2273.0,4785.0,10513.0,21200.0,,,,,,,,,,,96.0,15.5,,,5.335,,32.39,,,,3e-05,,0.00014,,0.0247,,,3e-05,,,,,,,,,0.0,0.0,0.0,,,,,,,,,,,,,,,,,,,,,,-17.0,,
Базовое_масло_2,0858.25,,,,,,,,,,,,,,,,,,,,,,,,,101.0,,,,5.393,,32.12,,,,,,,,,,,,,,,,,,,,,,,,,,,,,,,,,,,,,,,,,,,,,,
Базовое_масло_2,094.25,,,,,,,,,,,2217.0,4629.0,10028.0,,,,,,,,,,,,,,,,5.35,,32.19,,,,,,,,,,,,,,,,,,,,,,,,,,,,,,,,,,,,,,,,,,,,,,
Базовое_масло_3,01278.24,,,,,,,,,,,,,1708.0,,,,,,,,,,,,,,,,4.5,,,,,,,,,,,,,,,,,,,,,,,,,,,,,,,,,,,,,,,,,,,,,,,,
Базовое_масло_3,01487.23,,,,,,0.0,40.0,40.0,10.0,388.0,591.0,966.0,1647.0,2993.0,,,,,,,,,,,124.0,9.1,,,4.46,,21.19,,,,0.0002,,0.0003,,0.001,,,0.0002,,,,,,,,,0.0,0.0,0.0,,,,,,,,,,,,,,,,,,,,,,-25.0,,
Базовое_масло_3,01508.24,,,,,,,,,,386.0,642.0,1046.0,1765.0,3204.0,,,,,,,,,,,126.0,,,,4.49,,21.2,,,,,,,,,,,,,,,,,,,,,,,,,,,,,,,,,,,,,,,,,,,,-20.0,,
Базовое_масло_3,01600.22,,,,,,,,,,311.0,581.0,999.0,1737.0,3224.0,,,,,,,,,,,130.0,13.1,,,4.611,,21.84,,,,3e-05,,0.00021,,0.00025,,,5e-05,,,,,,,,,,,,,,,,,,,,,,,,,,,,,,,,,-18.0,,
Базовое_масло_3,01939.22,,,,,,0.0,40.0,40.0,5.0,317.0,497.0,876.0,1515.0,3030.0,,,,,,,,,,,127.0,13.2,,,4.33,,19.91,,,,0.0001,,0.0002,,0.0011,,,0.0002,,,,,,,,,0.0,0.0,0.0,,,,,,,,,,,,,,,,,,,,,,-18.0,,
Базовое_масло_3,02110.23,,,,,,0.0,40.0,40.0,5.0,419.0,641.0,1019.0,1717.0,3121.0,,,,,,,,,,,120.0,13.7,,,4.42,,21.2,,,,,,,,,,,,,,,,,,,,0.0,0.0,0.0,,,,,,,,,,,,,,,,,,,,,,-24.0,,
Базовое_масло_3,02502.24,,,,,,,,,,,,,1544.0,2800.0,,,,,,,,,,,,,,,4.321,,,,,,,,,,,,,,,,,,,,,,,,,,,,,,,,,,,,,,,,,,,,,,-19.0,,
Базовое_масло_3,02598.22,,,,,,0.0,40.0,40.0,5.0,357.0,561.0,966.0,1671.0,3064.0,,,,,,,,,,,129.0,14.0,,,4.57,,21.55,,,,7e-05,,3e-05,,2e-05,,,5e-05,,,,,,,,,0.0,0.0,0.0,,,,,,,,,,,,,,,,,,,,,,-21.0,,
Базовое_масло_3,02868.23 200л,,,,,,,,,,,,938.0,1586.0,2875.0,,,,,,,,,,,127.0,,,,4.47,,20.96,,,,,,,,,,,,,,,,,,,,,,,,,,,,,,,,,,,,,,,,,,,,-21.0,,
Базовое_масло_3,03003.23,,,,,,0.0,40.0,40.0,5.0,403.0,625.0,1001.0,1694.0,3075.0,,,,,,,,,,,125.0,13.7,,,4.47,,21.0,,,,0.0001,,0.0002,,0.0001,,,0.0001,,,,,,,,,0.0,0.0,0.0,,,,,,,,,,,,,,,,,,,,,,-25.0,,
Базовое_масло_3,03601.23,,,,,,,,,,410.0,620.0,984.0,1668.0,3021.0,,,,,,,,,,,127.0,,,,4.5,,21.25,,,,,,,,,,,,,,,,,,,,,,,,,,,,,,,,,,,,,,,,,,,,-21.0,,
Базовое_масло_3,0415.22,,,,,,0.0,40.0,40.0,5.0,357.0,581.0,928.0,1574.0,2866.0,,,,,,,,,,,132.0,12.9,,,4.501,,20.84,,,,0.00019,,0.00015,,0.00105,,,1e-05,,,,,,,,,0.0,0.0,0.0,,,,,,,,,,,,,,,,,,,,,,-14.0,,
Базовое_масло_3,0444.23,,,,,,0.0,40.0,40.0,5.0,,542.0,930.0,1584.0,2869.0,,,,,,,,,,,127.0,14.2,,,4.42,,20.6,,,,,,,,,,,,,,,,,,,,0.0,0.0,0.0,,,,,,,,,,,,,,,,,,,,,,-19.0,,
Базовое_масло_3,0754/23,,,,,,0.0,40.0,40.0,5.0,335.0,519.0,862.0,1466.0,2743.0,,,,,,,,,,,127.0,14.2,,,4.34,,20.02,,,,0.0002,,0.0012,,0.0002,,,0.0002,,,,,,,,,0.0,0.0,0.0,,,,,,,,,,,,,,,,,,,,,,-19.0,,
Базовое_масло_3,0886.24,,,,,,,,,,411.0,626.0,1004.0,1695.0,3071.0,,,,,,,,,,,126.0,15.0,,,4.48,,21.19,,,,2e-05,,0.0001,,0.0007,,,7e-05,,,,,,,,,0.0,0.0,0.0,,,,,,,,,,,,,,,,,,,,,,-21.0,,
Базовое_масло_4,01209.25 для SL,,,,,,,,,,,,,12688.0,,,,,,,,,,,,,,,,8.42,,54.13,,,,,,,,,,,,,,,,,,,,,,,,,,,,,,,,,,,,,,,,,,,,,,
Базовое_масло_5,01056.25,,,,,,,,,,,3534.0,6400.0,12688.0,25376.0,,,,,,,,,,,,,,,8.09,,54.13,,,,,,,,,,,,,,,,,,,,,,,,,,,,,,,,,,,,,,,,,,,,0.0,,
Базовое_масло_5,01085.25,,,,,,,,,,,,,,,,,,,,,,,,,,,,,8.62,,,,,,,,,,,,,,,,,,,,,,,,,,,,,,,,,,,,,,,,,,,,,,0.0,,
Базовое_масло_5,01624.25,,,,,,,,,,,3207.0,5855.0,11386.0,,,,,,,,,,,,120.0,,,,7.72,,50.14,,,,,,,,,,,,,,,,,,,,,,,,,,,,,,,,,,,,,,,,,,,,-15.0,,
Базовое_масло_5,01942.23,,,,,,0.0,41.0,39.0,5.0,2322.0,4054.0,7450.0,14903.0,,,,,,,,,,,,117.0,2.8,,,8.49,,58.73,,,,0.0039,,0.0002,,0.0041,,,0.0001,,,,,,,,,0.0,0.0,0.0,,,,,,,,,,,,,,,,,,,,,,-20.0,,
Базовое_масло_5,01992.25,,,,,,,,,,2256.0,3907.0,7178.0,14088.0,,,,,,,,,,,,118.0,,,,8.34,,56.87,,,,,,,,,,,,,,,,,,,,,,,,,,,,,,,,,,,,,,,,,,,,-17.0,,
Базовое_масло_5,02229.25,,,,,,,,,,,,,,,,,,,,,,,,,,,,,8.25,,55.51,,,,,,,,,,,,,,,,,,,,,,,,,,,,,,,,,,,,,,,,,,,,,,
Базовое_масло_5,02510.25,,,,,,,,,,1816.0,3063.0,5503.0,10694.0,,,,,,,,,,,,,,,,8.716,,59.86,,,,,,,,,,,,,,,,,,,,,,,,,,,,,,,,,,,,,,,,,,,,,,
Базовое_масло_5,02724.23,,,,,,0.0,41.0,39.0,5.0,2192.0,3849.0,7087.0,14001.0,,,,,,,,,,,,117.0,2.8,,,8.3,,56.73,,,,3e-05,,0.0002,,0.0007,,,0.0001,,,,,,,,,0.0,0.0,0.0,,,,,,,,,,,,,,,,,,,,,,-19.0,,
Базовое_масло_5,02896.24,,,,,,,,,,,,7741.0,14916.0,,,,,,,,,,,,114.0,,,,8.53,,59.97,,,,,,,,,,,,,,,,,,,,,,,,,,,,,,,,,,,,,,,,,,,,,,
Базовое_масло_5,0312.25,,,,,,,,,,,3821.0,6926.0,13682.0,,,,,,,,,,,,119.0,,,,8.276,,55.69,,,,,,,,,,,,,,,,,,,,,,,,,,,,,,,,,,,,,,,,,,,,-18.0,,
Базовое_масло_5,03159.24,,,,,,,,,,,3500.0,7036.0,14173.0,,,,,,,,,,,,,,,,8.303,,56.57,,,,,,,,,,,,,,,,,,,,,,,,,,,,,,,,,,,,,,,,,,,,,,
Базовое_масло_5,03602.23,,,,,,,,,,2467.0,4307.0,9021.0,17000.0,,,,,,,,,,,,115.0,,,,8.57,,60.05,,,,,,,,,,,,,,,,,,,,0.0,0.0,0.0,,,,,,,,,,,,,,,,,,,,,,-18.0,,
Базовое_масло_5,0752.23,,,,,,0.0,41.0,39.0,5.0,2189.0,3849.0,7200.0,14123.0,,,,,,,,,,,,117.0,3.2,,,8.22,,56.03,,,,0.0002,,0.0002,,0.0002,,,0.0002,,,,,,,,,0.0,0.0,0.0,,,,,,,,,,,,,,,,,,,,,,-14.0,,
Базовое_масло_5,0767.24,,,,,,,,,,2344.0,4083.0,7514.0,14665.0,,,,,,,,,,,,116.0,3.1,,,8.35,,57.8,,,,2e-05,,0.00021,,0.00038,,,2e-05,,,,,,,,,0.0,0.0,0.0,,,,,,,,,,,,,,,,,,,,,,-22.0,,
Базовое_масло_5,0962.25,,,,,,,,,,,,,,,,,,,,,,,,,120.0,,,,8.06,,53.5,,,,,,,,,,,,,,,,,,,,,,,,,,,,,,,,,,,,,,,,,,,,-11.0,,
Базовое_масло_5,0973/25,,,,,,,,,,,,,,,,,,,,,,,,,,,,,8.023,,51.43,,,,,,,,,,,,,,,,,,,,,,,,,,,,,,,,,,,,,,,,,,,,-28.0,,
Базовое_масло_6,01302.25,,,,,,,,,,,640.0,1000.0,1682.0,3017.0,,,,,,,,,,,126.0,,,,4.446,,20.92,,,,,,,,,,,,,,,,,,835.5,832.2,,,,,,,,,,,,,,,,,,,,,,,,,,,
Базовое_масло_6,03164.24,,,,,,,,,,,,,,,,,,,,,,,,,,,,,4.223,,,,,,,,,,,,,,,,,,,,,,,,,,,,,,,,,,,,,,,,,,,,,,,,
Базовое_масло_6,0861.25,,,,,,,,,,,,,1627.0,,,,,,,,,,,,,,,,4.32,,,,,,,,,,,,,,,,,,,,,,,,,,,,,,,,,,,,,,,,,,,,,,,,
Базовое_масло_6,093.25,,,,,,,,,,,589.0,964.0,1627.0,2963.0,,,,,,,,,,,122.0,,,,4.3,,20.09,,,,,,,,,,,,,,,,,,,,,,,,,,,,,,,,,,,,,,,,,,,,,,
Базовое_масло_6,для С3 01342.25,,,,,,,,,,,,,1732.0,,,,,,,,,,,,,,,,4.45,,,,,,,,,,,,,,,,,,,,,,,,,,,,,,,,,,,,,,,,,,,,,,,,
Базовое_масло_7,01045.23,,,,,,0.0,40.0,40.0,5.0,5413.0,11573.0,,,,,,,,,,,,,,93.0,5.4,,,9.214,,77.6,,,,0.00063,,0.00041,,0.094,,,3e-05,,,,,,,,,10.0,0.0,0.0,,,,,,,,,,,,,,,,,,,,,,-16.0,,
Базовое_масло_7,01301.22,,,,,,0.0,43.0,37.0,10.0,6028.0,12491.0,25600.0,,,,,,,,,,,,,89.0,6.4,,,9.26,,80.34,,,,3e-05,,3.8e-05,,0.0991,,,2e-05,,,,,,,,,70.0,0.0,20.0,,,,,,,,,,,,,,,,,,,,,,-19.0,,
Базовое_масло_7,01408.25,,,,,,,,,,5740.0,12398.0,24800.0,49600.0,99200.0,,,,,,,,,,,92.0,,,,9.298,,78.85,,,,,,,,,,,,,,,,,,,,,,,,,,,,,,,,,,,,,,,,,,,,,,
Базовое_масло_7,01511.24,,,,,,,,,,5632.0,11264.0,24000.0,,,,,,,,,,,,,91.0,,,,9.14,,77.38,,,,,,,,,,,,,,,,,,878.2,874.7,,,,,,,,,,,,,,,,,,,,,,,,,-15.0,,
Базовое_масло_7,01768.22,,,,,,,,,,5667.0,12160.0,25000.0,50000.0,,,,,,,,,,,,90.0,6.5,,,9.146,,78.02,,,,4e-05,,0.00015,,0.07599,,,2.4e-05,,,,,,,,,20.0,0.0,0.0,,,,,,,,,,,,,,,,,,,,,,-19.0,,
Базовое_масло_7,0186.21,,,,,,0.0,41.0,39.0,40.0,6022.0,12857.0,25800.0,,,,,,,,,,,,,89.0,5.4,,,9.34,,81.15,,,,,,,,,,,,,,,,,,,,10.0,0.0,0.0,,,,,,,,,,,,,,,,,,,,,,,,
Базовое_масло_7,02595.22,,,,,,5.0,41.0,39.0,5.0,5596.0,11861.0,24000.0,,,,,,,,,,,,,92.0,,,,9.25,,78.65,,,,8e-05,,3e-05,,0.046,,,5e-05,,,,,,,,,0.0,0.0,0.0,,,,,,,,,,,,,,,,,,,,,,-18.0,,
Базовое_масло_7,02787.24,,,,,,,,,,6016.0,13575.0,,,,,,,,,,,,,,91.0,,,,9.316,,79.97,,,,,,,,,,,,,,,,,,,,,,,,,,,,,,,,,,,,,,,,,,,,-15.0,,
Базовое_масло_7,03276.23,,,,,,0.0,41.0,39.0,5.0,5521.0,11811.0,24000.0,,,,,,,,,,,,,92.0,5.8,,,9.1,,76.89,,,,0.0001,,0.0002,,0.099,,,0.0001,,,,,,,,,0.0,0.0,0.0,,,,,,,,,,,,,,,,,,,,,,-16.0,,
Базовое_масло_7,03527.22,,,,,,0.0,42.0,38.0,10.0,5597.0,11915.0,28157.0,60000.0,,,,,,,,,,,,91.0,5.5,,,9.22,,78.57,,,,0.0001,,0.0001,,0.0788,,,0.0001,,,,,,,,,10.0,0.0,0.0,,,,,,,,,,,,,,,,,,,,,,-19.0,,
Базовое_масло_7,0566.25,,,,,,,,,,,12103.0,24200.0,48400.0,,,,,,,,,,,,92.0,,,,9.15,,77.39,,,,,,,,,,,,,,,,,,,,,,,,,,,,,,,,,,,,,,,,,,,,-15.0,,
Базовое_масло_7,0575.23,,,,,,0.0,42.0,38.0,10.0,5273.0,11062.0,26044.0,67645.0,,,,,,,,,,,,92.0,6.1,,,9.16,,77.46,,,,0.0002,,0.0002,,0.0686,,,0.0002,,,,,,,,,20.0,0.0,0.0,,,,,,,,,,,,,,,,,,,,,,-19.0,,
Базовое_масло_7,0763.24,,,,,,,,,,5585.0,12049.0,24000.0,48000.0,,,,,,,,,,,,94.0,,,,9.2,,76.92,,,,0.0001,,0.0005,,,,,0.0001,,,,,,,,,0.0,0.0,0.0,,,,,,,,,,,,,,,,,,,,,,-15.0,,
Базовое_масло_7,0770.22,,,,,,0.0,42.0,38.0,10.0,5977.0,12602.0,25204.0,51000.0,,,,,,,,,,,,91.0,6.5,,,9.3,,79.45,,,,4e-05,,9e-05,,0.0917,,,4e-05,,,,,,,,,20.0,0.0,0.0,,,,,,,,,,,,,,,,,,,,,,-18.0,,
Базовое_масло_7,094.22 (D-2022-0022),,,,,,0.0,42.0,38.0,10.0,6005.0,12582.0,,,,,,,,,,,,,,90.0,5.6,,,9.39,,81.32,,,,3e-05,,8e-05,,0.081,,,1e-05,,,,,,,,,0.0,0.0,0.0,,,,,,,,,,,,,,,,,,,,,,-21.0,,
Базовое_масло_7,095.25,,,,,,,,,,5600.0,11925.0,20000.0,,,,,,,,,,,,,,,,,9.13,,76.92,,,,,,,,,,,,,,,,,,,,,,,,,,,,,,,,,,,,,,,,,,,,,,
Базовое_масло_8,01208.25 для SL,,,,,,,,,,,,,,,,,,,,,,,,,,,,,4.51,,,,,,,,,,,,,,,,,,,,,,,,,,,,,,,,,,,,,,,,,,,,,,,,
Базовое_масло_9,0768.24,,,,,2.5,,,,,1325.0,2226.0,3936.0,7364.0,,,,,,,,,,,,117.0,,,,6.55,,40.37,,,,0.00015,,0.00068,,0.00106,,,0.00018,,,,,,,801.3,797.7,0.0,0.0,0.0,,,,,,,,,,,,,,,,,,,,,50.0,-25.0,,
Базовое_масло_9,0862.25,,,,,,,,,,,,,5986.0,,,,,,,,,,,,,,,,6.27,,,,,,,,,,,,,,,,,,,,,,,,,,,,,,,,,,,,,,,,,,,,,,,,
Базовое_масло_9,091.25,,,,,,,,,,,1869.0,3226.0,5929.0,11706.0,,,,,,,,,,,,,,,6.18,,36.15,,,,,,,,,,,,,,,,,,,,,,,,,,,,,,,,,,,,,,,,,,,,,,
Депрессорная_присадка_1,017.24,,,,,,,,,,,,,,,,,,,,,,,,,,,,,362.35,,,,,,,,,,,,,,,,,,,,,,,,,,,,,,,,,,,,,,,,,,,,,,,,
Депрессорная_присадка_1,0800.24,,,,,,,,,,,,,,,,,,,,,,,,,,,,,305.4,,,,,,,,,,,,,,,,,,,,,,,,,,,,,,,,,,,,,,,,,,,,,,,,
Депрессорная_присадка_1,0862.24,,,,,,,,,,,,,,,,,,,,,,,,,,,,,315.1,,1828.0,,,,,,,,,,,,,,,,,,,,,,,,,,,,,,,,,,,,,,,,,,,,,,
Депрессорная_присадка_1,13348.22,,,,,,,,,,,,,,,,,,,,,,,,,,,,,172.4,,,,,,,,,,,,,,,,,,,,,,,,,,,,,,,,,,,,,,,,,,,,,,,,
Депрессорная_присадка_1,9518.22,,,,,,,,,,,,,,,,,,,,,,,,,,,,,213.5,,,,,,,,,,,,,,,,,,,,,,,,,,,,,,,,,,,,,,,,,,,,,,,,
Депрессорная_присадка_1,DPM 131 из ЦП,,,,,,,,,,,,,,,,,,,,,,,,,,,,,414.0,,,,,,,,,,,,,,,,,,,,,,,,,,,,,,,,,,,,,,,,,,,,,,,,
Депрессорная_присадка_1,DPM 189,,,,,,,,,,,,,,,,,,,,,,,,,,,,,341.1,,,,,,,,,,,,,,,,,,,,,,,,,,,,,,,,,,,,,,,,,,,,,,,,
Депрессорная_присадка_1,DPM 265 от 12.08.202,,,,,,,,,,,,,,,,,,,,,,,,,,,,,,,,,,,,,,,,,,,,,,,,,885.5,882.2,,,,,,,,,,,,,,,,,,,,,,,,,,,
Депрессорная_присадка_2,121256,,,,,,,,,,,,,,,,,,,,,,,,,,,,,300.0,,,,,,,,,,,,,,,,,,,,,,,,,,,,,,,,,,,,,,,,,,,,,,,,
Депрессорная_присадка_2,5508.24 п.9,,,,,,,,,,,,,,,,,,,,,,,,,,,,,324.0,,,,,,,,,,,,,,,,,,,,,,,,,,,,,,,,,,,,,,,,,,,,,,,,
Депрессорная_присадка_2,п.12,,,,,,,,,,,,,,,,,,,,,,,,,,,,,300.0,,2288.31,,,,,,,,,,,,,,,,,,,,,,,,,,,,,,,,,,,,,,,,,,,,,,
Депрессорная_присадка_2,п.14 (2023г),,,,,,,,,,,,,,,,,,,,,,,,,,,,,350.0,,3299.0,,,,,,,,,,,,,,,,,,,,,,,,,,,,,,,,,,,,,,,,,,,,,,
Депрессорная_присадка_2,п.35,,,,,,,,,,,,,,,,,,,,,,,,,,,,,400.0,,,,,,,,,,,,,,,,,,,,,,,,,,,,,,,,,,,,,,,,,,,,,,,,
Депрессорная_присадка_2,п.60 от 12.01.2023,,,,,,,,,,,,,,,,,,,,,,,,,,,,,300.0,,3105.3,,,,,,,,,,,,,,,,,,,,,,,,,,,,,,,,,,,,,,,,,,,,,,
Депрессорная_присадка_3,0246.22,,,,,,,,,,,,,,,,,,,,,,,,,,,,,113.83,,846.19,,,,,,,,,,,,,,,,,,,,,,,,,,,,,,,,,,,,,,,,,,,,,,
Депрессорная_присадка_3,28446.22,,,,,,,,,,,,,,,,,,,,,,,,,,,,,110.2,,,,,,,,,,,,,,,,,,,,,,,,,,,,,,,,,,,,,,,,,,,,,,,,
Детергент_1,01558.25,,,,,,,,,,,,,,,,,,,,,,,,,,,,,,,,,,,,,15.51,,,,,,,,,,,,,,,,,,,328.2,,,,,,,,,,,,,,,,,,,,,
Детергент_1,0174.22,,,,,,,,,,,,,,,,,,,,,,,,,,,,,163.5,,,11.2,,,,,11.2,,,,,,,,,,,,,,,,,,,405.8,,,,,,,,,,,,,,,,,,,,,
Детергент_1,0269.25,,,,,,,,,,,,,,,,,,,,,,,,,,,,,62.33,,,,,,,,15.13,,1.598,,,,,,,,,,,,,,,,,344.1,,,,,,,,,,,,,,,,,,,,,
Детергент_1,03052.24,,,,,,,,,,,,,,,,,,,,,,,,,,,,,,,,,,,,,14.71,,,,,,,,,,,,,,,,,,,377.7,,,,,,,,,,,,,,,,,,,,,
Детергент_1,03203.23,,,,,,,,,,,,,,,,,,,,,,,,,,,,,88.91,,,,,,,,16.24,,,,,,,,,,,,,,,,,,,404.0,,,,,,,,,,,,,,,,,,,,,
Детергент_1,0432.25,,,,,,,,,,,,,,,,,,,,,,,,,,,,,,,,,,,,,15.76,,,,,,,,,,,,,,,,,,,410.9,,,,,,,,,,,,,,,,,,,,,
Детергент_1,33444.21,,,,,,,,,,,,,,,,,,,,,,,,,,,,,109.92,,,,,,,,15.39,,,,,,,,,,,,,,,,,,,406.34,391.6,,,,,,,,,,,,,,,,,,,,
Детергент_1,из 328 р-р 01295.23,,,,,,,,,,,,,,,,,,,,,,,,,,,,,125.0,,,,,,0.0006,,16.29,,,,,0.0007,,,,,,,,,,,,,,407.0,,,,,,,,,,,,,,,,,,,,,
Детергент_10,0688.25,,,,,,,,,,,,,,,,,,,,,,,,,,,,,29.07,,,,,,,,6.301,,0.519,,,,,31591.0,,,,,,,,,,,,158.2,163.6,,,,,,,,,,,,,,,,,,,,
Детергент_12,8476.23,,,,,,,,,,,,,,,,,,,,,,,,,,,,,81.46,,,,,,,,16.3,,1.56,,,,,,,,,,,,,,,,,434.4,,,,,,,,,,,,,,,,,,,,,
Детергент_13,бочка 14,,,,,,,,,,,,,,,,,,,,,,,,,,,,,88.76,,,,,,,,,,,,,,,,,,,,,,,,,,,,399.0,,,,,,,,,,,,,,,,,,,,
Детергент_17,03133.22,,,,,,,,,,,,,,,,,,,,,,,,,,,,,21.5,,,,,,0.0015,,6.59,,,,,0.0005,,,,,,,,,,,,,,173.6,,,,,,,,,,,,,,,,,,,,,
Детергент_18,01637.24,,,,,,,,,,,,,,,,,,,,,,,,,,,,,71.18,,,,,0.0002,,5.88,,,,,0.0002,,,,,,,,,,,,,,,150.4,,,,,,,,,,,,,,,,,,,,,
Детергент_19,03134.22,,,,,,,,,,,,,,,,,,,,,,,,,,,,,48.82,,,,,,0.002,,9.91,,,,,0.00012,,,,,,,,,,,,,,253.1,,,,,,,,,,,,,,,,,,,,,
Детергент_2,01297.23,,,,,,,,,,,,,,,,,,,,,,,,,,,,,14.47,,,,,,0.0004,,6.48,,,,,0.0002,,,,,,,,,,,,,,171.0,,,,,,,,,,,,,,,,,,,,,
Детергент_2,02957.22,,,,,,,,,,,,,,,,,,,,,,,,,,,,,14.62,,,,,,,,6.33,,,,,,,,,,,,,,,,,,,173.3,,,,,,,,,,,,,,,,,,,,,
Детергент_20,03007.22,,,,,,,,,,,,,,,,,,,,,,,,,,,,,314.7,,,,,,0.002,,8.63,,2.79,,,0.003,,,,,,,,,,,,,,240.3,,,,,,,,,,,,,,,,,,,,,
Детергент_22,03009.22,,,,,,,,,,,,,,,,,,,,,,,,,,,,,117.8,,,,,,0.0008,,11.43,,0.097,,,0.0014,,,,,,,,,,,,,,324.2,,,,,,,,,,,,,,,,,,,,,
Детергент_3,01714.24,,,,,,,,,,,,,,,,,,,,,,,,,,,,,,,,,,,,,,,,,,,,,,,,,,,,,,,,167.3,,,,,,,,,,,,,,,,,,,,,
Детергент_3,48670.24,,,,,,,,,,,,,,,,,,,,,,,,,,,,,92.76,,,,,,,,5.66,,2.65,,,,,,,,,,,,,,,,,,,,,,,,,,,,,,,,,,,,,,
Детергент_4,02585.22,,,,,,,,,,,,,,,,,,,,,,,,,,,,,16.58,,,,,,0.005,,6.18,,,,,0.008,,,,,,,,,,,,,,,,,,,,,,,,,,,,,,,,,,,
Детергент_4,02623.22,,,,,,,,,,,,,,,,,,,,,,,,,,,,,15.6,,,,,,0.9,,4.72,,2.5,,,0.88,,,,,,,,,,,,,,149.6,151.3,,,,,,,,,,,,,,,,,,,,
Детергент_4,02849.22,,,,,,,,,,,,,,,,,,,,,,,,,,,,,15.66,,,,,,0.95,,5.392,,2.378,,,1.114,,,,,,,,,,,,,,151.3,148.6,,,,,,,,,,,,,,,,,,,,
Детергент_4,0338.22,,,,,,,,,,,,,,,,,,,,,,,,,,,,,16.68,,,,,,,,6.144,,,,,0.0064,,,,,,,,,,,,,,168.0,,,,,,,,,,,,,,,,,,,,,
Детергент_4,14558.22,,,,,,,,,,,,,,,,,,,,,,,,,,,,,,,,,,,0.888,,5.48,,,,,1.127,,,,,,,,,,,,,,,,,,,,,,,,,,,,,,,,,,,
Детергент_4,__missing_batch__,,,,,,,,,,,,,,,,,,,,,,,,,,,,,16.64,,,,,,0.0067,,6.34,,0.496,,,0.0031,,,,,,,,,,,,,,,172.08,,,,,,,,,,,,,,,,,,,,
Детергент_6,01066.23,,,,,,,,,,,,,,,,,,,,,,,,,,,,,262.6,,,,,,0.0006,,10.13,,3.154,,,0.0001,,,,,,,,,,,,,,315.1,,,,,,,,,,,,,,,,,,,,,
Детергент_6,02034.22,,,,,,,,,,,,,,,,,,,,,,,,,,,,,215.7,,,,,,0.0012,,10.33,,2.81,,,0.001,,,,,,,,,,,,,,272.7,,,,,,,,,,,,,,,,,,,,,
Детергент_6,02657.22,,,,,,,,,,,,,,,,,,,,,,,,,,,,,271.9,,,,,,0.0006,,10.59,,0.326,,,0.0005,,,,,,,,,,,,,,269.4,272.8,,,,,,,,,,,,,,,,,,,,
Детергент_6,03340.22,,,,,,,,,,,,,,,,,,,,,,,,,,,,,269.9,,,,,,,,10.14,,,,,,,,,,,,,,,,,,,276.1,,,,,,,,,,,,,,,,,,,,,
Детергент_7,03229.24,,,,,,,,,,,,,,,,,,,,,,,,,,,,,,,,,,,2.873,,2.484,,,,,0.0344,,,,,,,,,,,,,,,,,,,,,,,,,,,,,,,,,,,
Детергент_7,синтетический,,,,,,,,,,,,,,,,,,,,,,,,,,,,,31.81,,,,,,,,,,,,,,,,,,,,,,,,,,,,,,,,,,,,,,,,,,,,,,,,
Детергент_9,0241.25,,,,,,,,,,,,,,,,,,,,,,,,,,,,,14.96,,,,,,,,6.77,,0.165,,,,,28438.0,,,,,,,,,,,,171.7,161.2,,,,,,,,,,,,,,,,,,,,
Дисперсант_1,03067.22,,,,,,,,,,,,,,,,,,,,,,,,,,,,,248.7,,,,,,0.002,,0.002,,,,,0.003,,,,,,,,,,,,,,40.9,,,,,,,,,,,,,,,,,,,,,
Дисперсант_1,36524.20,,,,,,,,,,,,,,,,,,,,,,,,,,,,,245.86,,,,,,,,,,,,,,,,,,,,,,,,,,,,,,,,,,,,,,,,,,,,,,,,
Дисперсант_10,01930.24,,,,,,,,,,,,,,,,,,,,,,,,,,,,,,,,,,,,,,,,,,,,,,,,,,,,,,,,23.96,,,,,,,,,,,,,,,,,,,,,
Дисперсант_11,02688.24,,,,,,,,,,,,,,,,,,,,,,,,,,,,,488.0,,,6.508,,,,,,,,,,,1.491,,,,,,,,,,,,,31.017,20.83,,,,,,,,,,,,,,,,,,,7.7,
Дисперсант_12,02689.24,,,,,,,,,,,,,,,,,,,,,,,,,,,,,512.0,,,5.45,,,,,,,,,,,1.644,,,,,,,,,,,,,31.278,22.26,,,,,,,,,,,,,,,,,,,6.9,
Дисперсант_13,02690.24,,,,,,,,,,,,,,,,,,,,,,,,,,,,,442.0,,,6.174,,,,,,,,,,,1.664,,,,,,,,,,,,,31.885,20.56,,,,,,,,,,,,,,,,,,,7.8,
Дисперсант_2,01025.23,,,,,,,,,,,,,,,,,,,,,,,,,,,,,417.9,,,,,,0.0007,,0.0009,,0.0027,,,0.0002,,,,,,,,,,,,,,17.5,,,,,,,,,,,,,,,,,,,,,
Дисперсант_3,01030.23,,,,,,,,,,,,,,,,,,,,,,,,,,,,,186.1,,,,,,0.002,,0.002,,0.048,,,0.0001,,,,,,,,,,,,,,21.0,,,,,,,,,,,,,,,,,,,,,
Дисперсант_3,П-23-035,,,,,,,,,,,,,,,,,,,,,,,,,,,,,182.45,,,,,,0.0045,,0.0001,,0.049,,,0.0001,,,,,,,,,,,,,,26.0,,,,,,,,,,,,,,,,,,,,,
Дисперсант_4,0139.25 ол12,,,,,,,,,,,,,,,,,,,,,,,,,,,,,215.8,,,1.031,,,,,,,,,,,,,,,,,,,,,,,,54.43,36.23,,,,,,,,,,,,,,,,,,,3.0,
Дисперсант_4,08.07.24,,,,,,,,,,,,,,,,,,,,,,,,,,,,,1278.4,,,,,,,,,,,,,,,,,,,,,,,,,,,,,,,,,,,,,,,,,,,,,,,,
Дисперсант_6,077.25,,,,,,,,,,,,,,,,,,,,,,,,,,,,,436.0,,,0.571,,,,,,,,,,,,,,,,,,,,,,,,22.7,16.7,,,,,,,,,,,,,,,,,,,4.5,
Дисперсант_6,отбор 26.11.24,,,,,,,,,,,,,,,,,,,,,,,,,,,,,422.6,,,,,,,,,,,,,,,,,,,,,,,,,,,26.14,,,,,,,,,,,,,,,,,,,,,
Дисперсант_9,02718.22,,,,,,,,,,,,,,,,,,,,,,,,,,,,,410.0,,,,,,,,,,,,,,,,,,,,,,,,,,,18.9,,,,,,,,,,,,,,,,,,,,,
Загуститель_1,"01007.22 (8,2%)",,,,,,,,,,,,,,,,,,,,,,,,,,,,,339.6,,,,,,,,,,,,,,,,,,,,,,,,,,,,,,,,,,,,,,,,,,,,,,,,
Загуститель_1,01076.24 10% в HVI-4,,,,,,,,,,,,,,,,,,,,,,,,,,,,,445.5,,,,,,,,,,,,,,,,,,,,844.7,841.7,,,,,,,,,,,,,,,,,,,,,,,,,,,
Загуститель_1,01277.22,,,,,,,,,,,,,,,,,,,,,,,,,,,,,335.9,,,,,,,,,,,,,,,,,,,,,,,,,,,,,,,,,,,,,,,,,,,,,,,,
Загуститель_1,"01935.22 (8,2%)",,,,,,,,,,,,,,,,,,,,,,,,,,,,,327.5,,,,,,,,,,,,,,,,,,,,,,,,,,,,,,,,,,,,,,,,,,,,,,,,
Загуститель_1,02560.22 (9%вSN-150),,,,,,,,,,,,,,,,,,,,,,,,,,,,,451.9,,,,,,,,,,,,,,,,,,,,,,,,,,,,,,,,,,,,,,,,,,,,,,,,
Загуститель_1,"0306.25 9,8% 2гр",,,,,,,,,,,,,,,,,,,,,,,,,,,,,508.9,,,,,,,,,,,,,,,,,,,,,,,,,,,,,,,,,,,,,,,,,,,,,,,,
Загуститель_1,03377.23 10% в HVI-4,,,,,,,,,,,,,,,,,,,,,,,,,,,,,495.6,,,,,,,,,,,,,,,,,,,,,,,,,,,,,,,,,,,,,,,,,,,,,,,,
Загуститель_1,"0396.25 9,8% 2 гр",,,,,,,,,,,,,,,,,,,,,,,,,,,,,493.8,,,,,,,,,,,,,,,,,,,,,,,,,,,,,,,,,,,,,,,,,,,,,,,,
Загуститель_1,0420.23 (10%HVI-4Ян),,,,,,,,,,,,,,,,,,,,,,,,,,,,,472.66,,,,,,,,,,,,,,,,,,,,,,,,,,,,,,,,,,,,,,,,,,,,,,,,
Загуститель_1,"0435.24 9,8% во 2 гр",,,,,,,,,,,,,,,,,,,,,,,,,,,,,469.9,,,,,,,,,,,,,,,,,,,,,,,,,,,,,,,,,,,,,,,,,,,,,,,,
Загуститель_1,0488.23,,,,,,,,,,,,,,,,,,,,,,,,,,,,,473.7,,,,,,,,,,,,,,,,,,,,,,,,,,,,,,,,,,,,,,,,,,,,,,,,
Загуститель_2,071.21,,,,,,,,,,,,,,,,,,,,,,,,,,,,,360.0,,,,,,,,,,,,,,,,,,,,,,,,,,,,,,,,,,,,,,,,,,,,,,,,
Загуститель_2,0773.22 (8.5%),,,,,,,,,,,,,,,,,,,,,,,,,,,,,373.32,,,,,,,,,,,,,,,,,,,,,,,,,,,,,,,,,,,,,,,,,,,,,,,,
Загуститель_3,"01658.23 8,6% в 2Гр.",,,,,,,,,,,,,,,,,,,,,,,,,,,,,446.0,,,,,,,,,,,,,,,,,,,,,,,,,,,,,,,,,,,,,,,,,,,,,,,,
Загуститель_3,"02984.24 8,6% 2 гр",,,,,,,,,,,,,,,,,,,,,,,,,,,,,436.3,,,,,,,,,,,,,,,,,,,,,,,,,,,,,,,,,,,,,,,,,,,,,,,,
Загуститель_3,03277.23,,,,,,,,,,,,,,,,,,,,,,,,,,,,,439.8,,,,,,,,,,,,,,,,,,,,,,,,,,,,,,,,,,,,,,,,,,,,,,,,
Противоизносная_присадка_1,01296.23,,,,,,,,,,,,,,,,,,,,,,,,,,,,,9.16,,,,,,8.4,,0.02,,,,,9.1,,,,,,,,,,,,,,,,,,,,,,,,,,,,,,,,,,,
Противоизносная_присадка_1,02958.22,,,,,,,,,,,,,,,,,,,,,,,,,,,,,9.19,,,,,,8.939,,,,16.41,,,9.182,,,,,,,,,,,,,,,,,,,,,,,,,,,,,,,,,,,
Противоизносная_присадка_10,02028.22,,,,,,,,,,,,,,,,,,,,,,,,,,,,,11.59,,,,,,9.4,,,,,,,11.1,,,,,,,,,,,,,,,16.08,,,,,,,,,,,,,,,,,,,,
Противоизносная_присадка_11,0242.25,,,,,,,,,,,,,,,,,,,,,,,,,,,,,,,,,,,8.6,,,,17.42,,,9.44,,,,,,,,,,,,,,,,,,,,,,,,,,,,,,,,,,,
Противоизносная_присадка_17,01077.24 Arkema,,,,,,,,,,,,,,,,,,,,,,,,,,,,,8.85,,,,,8.706,,0.0064,,18.47,,,9.328,,,,,,,,,,,,,,,,,,,,,,,,,,,,,,,,,,,,
Противоизносная_присадка_17,01078.24 Celanese,,,,,,,,,,,,,,,,,,,,,,,,,,,,,8.46,,,,,8.784,,0.007,,18.24,,,8.914,,,,,,,,,,,,,,,,,,,,,,,,,,,,,,,,,,,,
Противоизносная_присадка_17,02692.23,,,,,,,,,,,,,,,,,,,,,,,,,,,,,10.5,,,,,8.409,,0.003,,16.5,,,9.541,,,,,,,,,,,,,,,,,,,,,,,,,,,,,,,,,,,,
Противоизносная_присадка_18,01872.24,,,,,,,,,,,,,,,,,,,,,,,,,,,,,,,,,,,8.4,,0.0006,,16.88,,,8.78,,,,,,,,,,,,,,,,,,,,,,,,,,,,,,,,,,,
Противоизносная_присадка_18,02125.25 (№1),,,,,,,,,,,,,,,,,,,,,,,,,,,,,8.286,,,,,8.594,,0.0001,,17.25,,,8.656,,,,,,,,,,,,,,,10.9,,,,,,,,,,,,,,,,,,,,,
Противоизносная_присадка_18,02126.25 (№2),,,,,,,,,,,,,,,,,,,,,,,,,,,,,9.797,,,,,8.532,,0.0001,,17.03,,,9.262,,,,,,,,,,,,,,,11.1,,,,,,,,,,,,,,,,,,,,,
Противоизносная_присадка_2,01026.23,,,,,,,,,,,,,,,,,,,,,,,,,,,,,14.75,,,,,,8.13,,0.024,,16.58,,,9.39,,,,,,,,,,,,,,,,,,,,,,,,,,,,,,,,,,,
Противоизносная_присадка_2,0112.22,,,,,,,,,,,,,,,,,,,,,,,,,,,,,13.37,,,,,,8.22,,0.0,,15.95,,,9.65,,,,,,,,,,,,,,19.65,,,,,,,,,,,,,,,,,,,,,
Противоизносная_присадка_2,02622.22,,,,,,,,,,,,,,,,,,,,,,,,,,,,,13.33,,,,,,8.0,,,,16.97,,,9.25,,,,,,,,,,,,,,,14.73,,,,,,,,,,,,,,,,,,,,
Противоизносная_присадка_20,02976.22,,,,,,,,,,,,,,,,,,,,,,,,,,,,,8.99,,,,,,8.719,,0.001,,15.97,,,9.179,,,,,,,,,,,,,,,,,,,,,,,,,,,,,,,,,,,
Противоизносная_присадка_21,01578.24,,,,,,,,,,,,,,,,,,,,,,,,,,,,,17.03,,,,,,8.09,,0.01,,17.682,,,9.696,,,,,,,,,,,,,,,,,,,,,,,,,,,,,,,,,,,
Противоизносная_присадка_24,02360.22,,,,,,,,,,,,,,,,,,,,,,,,,,,,,11.81,,,,,,7.7,,0.007,,16.1,,,9.0,,,,,,,,,,,,,,,20.85,,,,,,,,,,,,,,,,,,,,
Противоизносная_присадка_25,COMP-2024-0018-M,,,,,,,,,,,,,,,,,,,,,,,,,,,,,,,,,,,8.62,,,,16.16,,,9.12,,,,,,,,,,,,,,,,,,,,,,,,,,,,,,,,,,,
Противоизносная_присадка_26,COMP-2024-0017-M,,,,,,,,,,,,,,,,,,,,,,,,,,,,,,,,,,,8.45,,0.0,,16.5,,,9.19,,,,,,,,,,,,,,,,,,,,,,,,,,,,,,,,,,,
Противоизносная_присадка_27,01363.24,,,,,,,,,,,,,,,,,,,,,,,,,,,,,9.4,,,,,8.928,,0.005,,18.99,,,9.233,,,,,,,,,,,,,,,,,,,,,,,,,,,,,,,,,,,,
Противоизносная_присадка_28,0784.24,,,,,,,,,,,,,,,,,,,,,,,,,,,,,10.15,,,,,,8.82,,0.001,,16.46,,,9.17,,,,,,,,,,,,,,,,,,,,,,,,,,,,,,,,,,,
Противоизносная_присадка_29,03073.24,,,,,,,,,,,,,,,,,,,,,,,,,,,,,14.94,,,,,,9.32,,0.0004,,17.94,,,10.09,,,,,,,,,,,,,,19.93,14.47,,,,,,,,,,,,,,,,,,,,
Противоизносная_присадка_5,02975.22,,,,,,,,,,,,,,,,,,,,,,,,,,,,,12.17,,,,,,8.768,,0.0001,,15.99,,,8.85,,,,,,,,,,,,,,,,,,,,,,,,,,,,,,,,,,,
Противоизносная_присадка_7,02359.22,,,,,,,,,,,,,,,,,,,,,,,,,,,,,13.66,,,,,,7.7,,0.006,,,,,9.0,,,,,,,,,,,,,,,19.72,,,,,,,,,,,,,,,,,,,,
Противоизносная_присадка_8,0186.22,,,,,,,,,,,,,,,,,,,,,,,,,,,,,13.74,,,,,,8.049,,0.001,,,,,9.095,,,,,,,,,,,,,,17.8,,,,,,,,,,,,,,,,,,,,,
Соединение_молибдена_6,01027.23,,,,,,,,,,,,,,,,,,,,,,,,,,,,,26.69,,,,,,,,,,,,,,,,,,,,,,,,,,,,,,,,,,,,,,,,,,,,,,,,
